event_name,stage,trigger,authority,identity_unit,required_event_properties,deduplication_key,failure_or_limit,state
evaluation_page_viewed,Acquisition,Eligible instrumented landing renders,Company permitted client capture,session,session_id|anonymous_id|page_path|asset_version|audience_basis|source_category,event_id,Page view is not qualification or signup; consent and coverage required,proposed_not_implemented
evaluation_cta_clicked,Acquisition,Reader activates the specified evaluation link,Company permitted client capture,session,session_id|page_path|asset_version|cta_id|destination_class,event_id,Same-session join required; click does not establish registration or purchase,proposed_not_implemented
account_created,Activation,Authoritative new evaluation account is created,Company account system,account,account_id|identity_model_version|eligibility_basis|staff_or_test_flag|source_linkage_status,account_id,Account model and eligibility unknown; do not infer from subsequent success,proposed_not_implemented
project_created,Activation,Distinct job is registered,Company product system,account_project,account_id|project_id|task_class|acceptance_criteria_ref,project_id,Distinct-job semantics require approval; duplicate renders are not projects,proposed_not_implemented
result_delivered,Activation,Actual export or share delivery succeeds,Company delivery system,account_project_output,account_id|project_id|output_id|delivery_kind|delivery_status,output_id|delivery_kind,Successful delivery is not a useful result; retries deduplicated,proposed_not_implemented
result_usefulness_recorded,Activation_Retention,Operator records accepted rejected or unclear usefulness against task criteria,Company product confirmation or permitted research record,account_project_output,account_id|project_id|output_id|criteria_version|confirmation_method|usefulness,event_id,Requires genuine delivery linkage; no response is unknown; only accepted qualifies,proposed_not_implemented
delivery_failed,Activation_guardrail,Delivery fails or is cancelled,Company delivery system,account_project,account_id|project_id|attempt_id|failure_category|status,attempt_id|status,Do not omit failures from eligible account cohorts or duplicate retries,proposed_not_implemented
correction_recorded,Activation_guardrail,Operator reports or performs a correction,Company permitted product or research record,account_project_output,account_id|project_id|output_id|correction_category|observation_basis|resolution_status,event_id,Self-reported effort distinct from observed effort; no sensitive media payload,proposed_not_implemented
payment_settled,Revenue,Positive payment is settled,Company billing ledger,billing_invoice,billing_customer_id|invoice_id|linkage_status|amount_minor|currency|settled_at|payment_kind|test_flag,invoice_id,account_id nullable until linked; pre-entry paid separate; only plan_access qualifies for paid-access conversion,proposed_not_implemented
refund_settled,Revenue_guardrail,Refund is settled,Company billing ledger,billing_invoice_refund,billing_customer_id|invoice_id|refund_id|linkage_status|amount_minor|currency|settled_at,refund_id,account_id nullable until linked; join original payment; late refunds restate reports,proposed_not_implemented
subscription_state_changed,Revenue_context,Authoritative subscription state changes,Company billing system,account_subscription,account_id|subscription_id|previous_state|new_state|effective_at,event_id,State change alone is not cash receipt; churn not defined by this design,proposed_not_implemented
referral_attributed,Referral,Permitted referral is deterministically linked to a new account,Company approved referral or signup system,account_referral,account_id|referral_id|referring_account_id|attribution_basis|eligibility_basis,account_id|referral_id,No existing referral feature asserted; exclude self or pre-existing accounts; useful output separate,proposed_not_implemented
